"","ID","Name"
"1","300755","Henk"
"2","289252","Albert Gudmundsson"
"3","379783","Yukinari Sugawara"
"4","400978","Beau Reus"
"5","36133","Ramon Leeuwin"
"6","83824","Marco Bizot"
"7","90810","Bruno Martins Indi"
"8","90834","Hobie Verhulst"
"9","116641","Timo Letschert"
"10","328550","Owen Wijndal"
"11","328987","Calvin Stengs"
"12","343308","Teun Koopmeiners"
"13","351310","Ferdy Druijf"
"14","353695","Dani de Wit"
"15","357081","Myron Boadu"
"16","373340","Zakaria Aboukhlal"
"17","80137","Fredrik Midtsjø"
"18","81247","Jonas Svensson"
"19","320614","Jesper Karlsson"
"20","356742","Håkon Evjen"
"21","343382","Tijjani Reijnders"
"22","404191","Maxim Gullit"
"23","405003","Thijs Oosting"
"24","143815","Anas Tahiri"
"25","367742","Cyril Ngonge"
"26","379713","Lennerd Daneels"
"27","399608","Ahmed Touba"
"28","379712","Said Bakari"
"29","68850","Kostas Lamprou"
"30","400277","Nicolas Olsak"
"31","345511","Vitalie Damascan"
"32","386605","Ayman Azhil"
"33","391284","Richard van der Venne"
"34","380703","Mike Grim"
"35","348644","Sylla Sow"
"36","365160","Lars Nieuwpoort"
"37","322159","Finn Stokkers"
"38","379705","Etienne Vaessen"
"39","379706","Juriën Gaari"
"40","379707","Melle Meulensteen"
"41","379708","Paul Quasten"
"42","63885","Vurnon Anita"
"43","92984","Ola John"
"44","400276","Luuk Wouters"
"45","ID","Name"
"46","400119","Sekou Sidibe"
"47","244455","Michael Chacón"
"48","400117","Denis Granecny"
"49","400115","Lucas Bernadou"
"50","80426","Felix Wiedwald"
"51","108283","Caner Cavlan"
"52","109109","Ricardo van Rhijn"
"53","112534","Stefan van der Lei"
"54","113087","Hilal Ben Moussa"
"55","121666","Nick Bakker"
"56","245626","Glenn Bijl"
"57","302776","Keziah Veendorp"
"58","30121","Anco Jansen"
"59","68590","Dennis Telgenkamp"
"60","69458","Ferhat Görgülü"
"61","77725","Michael de Leeuw"
"62","125157","Miguel Araujo"
"63","125170","Sergio Peña"
"64","400118","Lentini Caciano"
"65","402024","Luciano Carty"
"66","399366","Behadil Sabani"
"67","328330","Marcos Senesi"
"68","24260","Eric Botteghin"
"69","329941","Ramón ten Hove"
"70","345303","Tyrell Malacia"
"71","345441","Lutsharel Geertruida"
"72","43004","Bryan Linssen"
"73","69525","Luciano Narsingh"
"74","82401","Jens Toornstra"
"75","89793","Nick Marsman"
"76","89794","Steven Berghuis"
"77","115863","Mark Diemers"
"78","122398","Ridgeciano Haps"
"79","297527","Bart Nieuwkoop"
"80","361877","Jordy Wehrmann"
"81","373113","Naoufal Bannis"
"82","127920","Uros Spajic"
"83","355870","Orkun Kökcü"
"84","380696","George Johnston"
"85","404937","Thijs Jansen"
"86","147910","Lucas Schoofs"
"87","367743","Noah Fadiga"
"88","401096","Mateo Leš"
"89","394980","Marco Rente"
"90","243161","Daniel Mesenhöler"
"91","361778","Silvester van der Water"
"92","35160","Tim Breukers"
"93","108935","Robin Pröpper"
"94","140505","Rai Vloet"
"95","142242","Jeff Hardeveld"
"96","400170","Rohat Agca"
"97","383580","Jeremy Cijntje"
"98","369095","Koen Bucker"
"99","369553","Mats Knoester"
"100","136302","Sinan Bakis"
"101","322406","Luca de la Torre"
"102","361875","Delano Burgzorg"
"103","379729","Adrian Szöke"
"104","379730","Teun Bijleveld"
"105","393081","Giacomo Quagliata"
"106","328686","Daniel Arzani"
"107","362459","Othmane Boussaid"
"108","344041","Moussa Sylla"
"109","302724","Eric Oelschlägel"
"110","303078","Leon Guwara"
"111","312702","Justin Hoogma"
"112","315574","Thijmen Nijhuis"
"113","363872","Christopher Mamengi"
"114","14044","Eljero Elia"
"115","17491","Urby Emanuelson"
"116","22842","Willem Janssen"
"117","39726","Mark van der Maarel"
"118","89575","Adam Maher"
"119","110360","Sander van de Streek"
"120","123556","Joris van Overeem"
"121","141875","Gyrano Kerk"
"122","229520","Django Warmerdam"
"123","261082","Bart Ramselaar"
"124","280289","Giovanni Troupée"
"125","329675","Maarten Paes"
"126","283351","Simon Gustafson"
"127","382582","Tommy St. Jago"
"128","400823","Davy van den Berg"
"129","346767","Mauro Júnior"
"130","260809","Olivier Boscagli"
"131","320000","Adrian Fein"
"132","80382","Mario Götze"
"133","90235","Lars Unnerstall"
"134","142466","Philipp Max"
"135","44096","Eran Zahavi"
"136","351354","Donyell Malen"
"137","361839","Jordan Teze"
"138","137327","Ryan Thomas"
"139","103542","Yvon Mvogo"
"140","389935","Noni Madueke"
"141","328075","Ibrahim Sangaré"
"142","404226","Luis Felipe"
"143","404776","Ismael Saibari"
"144","404777","Mathias Kjølø"
"145","369107","Mohamed Ihattaren"
"146","386631","Richard Ledezma"
"147","298718","Dante Rigo"
"148","310680","Samy Bourard"
"149","365407","Amar Catic"
"150","121244","Nikolaos Karelis"
"151","384871","Ilay Elmkies"
"152","118137","Dario Del Fabro"
"153","120312","Robert Zwinkels"
"154","148512","Bilal Ould-Chikh"
"155","321869","Lassana Faye"
"156","347191","Shaquille Pinas"
"157","301457","Luuk Koopmans"
"158","379760","Milan van Ewijk"
"159","379764","Youri Schoonderwaldt"
"160","40342","Michiel Kramer"
"161","67062","John Goossens"
"162","372331","Andrei Ratiu"
"163","384395","Jonas Arweiler"
"164","389479","Boy Kemper"
"165","400171","Kees de Boer"
"166","400173","Jamal Amofa"
"167","401071","David Lennart Philipp"
"168","402120","Pascu"
"169","96615","Benjamin van Leer"
"170","124105","Michael Heylen"
"171","71267","Jeffry Fortes"
"172","84195","Lennart Thy"
"173","400163","Emanuel Emegha"
"174","90636","Tom Beugelsdijk"
"175","31238","Aaron Meijers"
"176","44145","Bart Vriends"
"177","133961","Danzell Gravenberch"
"178","328549","Deroy Duarte"
"179","349895","Abdou Harroui"
"180","351721","Michael Fabrie"
"181","361878","Wouter Burger"
"182","379741","Dirk Abels"
"183","379742","Laros Duarte"
"184","383560","Sven Mijnans"
"185","322776","Mica Pinto"
"186","403844","Delano Vianello"
"187","392339","Maduka Okoye"
"188","367190","Sieben Dewaele"
"189","389378","Oliver Batista Meier"
"190","379734","Hamdi Akujobi"
"191","382556","Joey Veerman"
"192","322157","Sherel Floranus"
"193","342814","Rodney Kongolo"
"194","365402","Jan Paul van Hecke"
"195","34171","Erwin Mulder"
"196","136066","Lucas Woudenberg"
"197","261017","Henk Veerman"
"198","296543","Jan Bekkema"
"199","301423","Mitchell van Bergen"
"200","142376","Pawel Bochniewicz"
"201","321192","Ibrahim Dresevic"
"202","371073","Rami Hajal"
"203","399618","Benjamin Nygren"
"204","394864","Ulysses Llanez Jr"
"205","389128","Rein Smit"
"206","400007","Jaimy Kroesen"
"207","400009","Couhaib Driouech"
"208","402735","Joaquín Fernández"
"209","333527","Odysseus Velanas"
"210","238997","Mimoun Mahi"
"211","312913","Emil Bergström"
"212","369119","Arjen van der Heide"
"213","365402","Jan-Paul van Hecke"
"214","302644","Dario Dumic"
"215","291964","Vaclav Cerny"
"216","308754","Lazaros Lamprou"
"217","29281","Wout Brama"
"218","247849","Queensy Menig"
"219","275012","Joël Drommel"
"220","327903","Kik Pierie"
"221","357080","Godfried Roemeratoe"
"222","379702","Jesse Bosch"
"223","379703","Jeffrey de Lange"
"224","387682","Ennio Van der Gouw"
"225","400055","Jayden Oosterwolde"
"226","400056","Nathangelo Markelo"
"227","400058","Thijs van Leeuwen"
"228","400059","Gijs Smal"
"229","232248","Tyronne Ebuehi"
"230","318754","Julio Pleguezuelo"
"231","367522","Danilo"
"232","379699","Lindon Selahi"
"233","379701","Ramiz Zerrouki"
"234","402819","Mees Hilgers"
"235","125093","Marko Kolar"
"236","227870","Nikolai Laursen"
"237","380635","Robin Jalving"
"238","259802","Simon Tibbling"
"239","254684","Desevio Payne"
"240","280677","Zinedine Machach"
"241","80843","Lukas Schmitz"
"242","35743","Thorsten Kirschbaum"
"243","320799","Steffen Schäfer"
"244","347809","Georgios Giakoumakis"
"245","343311","Tristan Dekker"
"246","343314","Vito van Crooij"
"247","343315","Bram Verbong"
"248","344124","Danny Post"
"249","355961","Evert Linthorst"
"250","361793","Aaron Bastiaans"
"251","361795","Yahcuroo Roemer"
"252","363052","Stan van Dijck"
"253","391286","Wassim Essanoussi"
"254","35953","Josua John"
"255","74627","Guus Hupperts"
"256","33662","Arjan Swinkels"
"257","34246","Christian Kum"
"258","254253","Jafar Arias"
"259","285951","Delano van Crooij"
"260","391973","Roy Gelmi"
"261","400120","Nezar S'Rifi"
"262","402816","Lars Nabbe"
"263","276402","Peet Bijen"
"264","400172","Vicente Besuijen"
"265","361880","Oussama Darfalou"
"266","345558","Tomas Hajek"
"267","226599","Maximilian Wittek"
"268","330505","Idrissa Touré"
"269","130917","Eli Dasa"
"270","115869","Oussama Tannane"
"271","303076","Danilho Doekhi"
"272","133959","Riechedly Bazoer"
"273","141965","Jeroen Houwen"
"274","34550","Remko Pasveer"
"275","96581","Thomas Bruns"
"276","401021","Enzo Cornelisse"
"277","352844","Thomas Buitink"
"278","318295","Matús Bero"
"279","363618","Loïs Openda"
"280","365426","Hilary Gong"
"281","380663","Patrick Vroegh"
"282","393407","Armando Broja"
"283","400281","Million Manhoef"
"284","400282","Daan Huisman"
"285","379731","Orestis Kiomourtzoglou"
"286","116684","Michael Brouwer"
"287","225522","Mario Engels"
"288","25037","Adil Auassar"
"289","77706","Bryan Smeets"
"290","406754","Reda Kharchouch"
"291","142078","Donis Avdijaj"
"292","369525","Ko Itakura"
"293","141265","Ahmed El Messaoudi"
"294","255970","Wessel Dammers"
"295","298493","Patrick Joosten"
"296","321871","Mo El Hankouri"
"297","33002","Bart van Hintum"
"298","68854","Sergio Padt"
"299","96626","Nigel Bertrams"
"300","137368","Damil Dankerlui"
"301","371293","Jan de Boer"
"302","381718","Romano Postema"
"303","391304","Joël van Kaam"
"304","393412","Remco Balk"
"305","355960","Azor Matusiwa"
"306","364306","Daniel van Kaam"
"307","333048","Jørgen Strand Larsen"
"308","322086","Ramon Pascal Lundqvist"
"309","383640","Leonel Miguel"
"310","387049","Miguel Angel Leal"
"311","391047","Tomas Suslov"
"312","391049","Thomas Poll"
"313","83809","Nicolás Tagliafico"
"314","340105","Lisandro Martínez"
"315","364315","Antony"
"316","326505","David Neres"
"317","260843","André Onana"
"318","322696","Edson Álvarez"
"319","349932","Noussair Mazraoui"
"320","83337","Zakaria Labyad"
"321","4065","Maarten Stekelenburg"
"322","8013","Klaas Jan Huntelaar"
"323","135271","Sean Klaiber"
"324","70033","Daley Blind"
"325","83333","Quincy Promes"
"326","355963","Jurgen Ekkelenkamp"
"327","361867","Kjell Scherpen"
"328","362732","Perr Schuurs"
"329","363884","Ryan Gravenberch"
"330","401122","Kenneth Taylor"
"331","29474","Dusan Tadic"
"332","373291","Lassina Traoré"
"333","388650","Jurrien Timber"
"334","361838","Michal Sadilek"
"335","70906","Nick Viergever"
"336","322153","Denzel Dumfries"
"337","329647","Pablo Rosario"
"338","133305","Jorrit Hendrix"
"339","352825","Cody Gakpo"
"340","369542","Joël Piroe"
"341","402876","Vincent Müller"
"342","379785","Adnan Ugur"
"343","260811","Djibril Dianessy"
"344","77471","Sebastian Polter"
"345","391933","Lazaros Rota"
"346","104982","Mats Seuntjens"
"347","369685","Nassim El Ablak"
"348","361694","Zian Flemming"
"349","362439","Clint Essers"
"350","281508","Roel Janssen"
"351","243708","Yanick van Osch"
"352","252209","Jorrit Smeets"
"353","334533","Emil Hansson"
"354","329684","Lisandro Semedo"
"355","127000","Branislav Ninaj"
"356","320513","Tesfaldet Tekie"
"357","122291","Martin Angha"
"358","380695","Bassala Sambou"
"359","383604","George Cox"
"360","368266","Tom Hendriks"
"361","346494","Alexei Koselev"
"362","276442","Joris Kramer"
"363","343390","Jorn Brondeel"
"364","279751","Görkem Saglam"
"365","323531","Mats Köhlert"
"366","365389","John Yeboah"
"367","330514","Vangelis Pavlidis"
"368","332960","Victor van den Bogert"
"369","38423","Robbin Ruiter"
"370","81475","Miquel Nelom"
"371","379600","Connor van den Berg"
"372","361791","Driess Saddiki"
"373","120444","Jordens Peters"
"374","109581","Pol Llonch"
"375","113079","Sebastian Holmén"
"376","383581","Mike Trésor"
"377","400010","Derrick Kohn"
"378","400011","Jasper Dahlhaus"
"379","400013","Jop van den Avert"
"380","400014","Vincent Schippers"
"381","402852","Ole Romeny"
"382","35174","Leroy Fer"
"383","302709","Justin Bijlow"
"384","142352","João Teixeira"
"385","376967","Robert Bozenik"
"386","108860","Davy Klaassen"
"387","365432","Dominik Kotarski"
"388","388650","Jurriën Timber"
"389","400165","Devyne Rensch"
"390","404568","Brian Brobbey"
"391","357083","Halil Dervisoglu"
"392","387682","Ennio van der Gouw"
"393","361898","Luka Ilic"
"394","320626","Alexander Jeremejeff"
"395","400057","Casper Staring"
"396","405560","Daan Rots"
"397","90830","Ben Rienstra"
"398","391953","Mike van Beijnen"
"399","407647","Arian Kastrati"
"400","407648","Quint Franssen"
"401","407657","Bas Breukers"
"402","346731","Kwasi Okyere Wriedt"
"403","322083","Leeroy Owusu"
"404","34628","Jan-Arie van der Heijden"
"405","66462","Freek Heerkens"
"406","400010","Derrick Köhn"
"407","400012","Wesley Spieringhs"
"408","379599","Ché Nunnely"
"409","132420","Rico Strieder"
"410","280191","Michael Zetterer"
"411","24764","Reza Ghoochannejhad"
"412","369545","Yuta Nakayama"
"413","380731","Sam Kersten"
"414","379595","Xavier Mous"
"415","317693","Mike Hauptmeijer"
"416","361695","Thomas van den Belt"
"417","365152","Eliano Reijnders"
"418","34108","Bram van Polen"
"419","81962","Jesper Drost"
"420","97101","Mustafa Saymak"
"421","100608","Mike van Duinen"
"422","231106","Kenneth Paal"
"423","244640","Clint Leemans"
"424","279173","Pelle Clement"
"425","279429","Sai van Wermeskerken"
"426","404099","Samir Lagsir"
"427","379596","Dean Huiberts"
"428","379597","Marc-Olivier Doué"
"429","319922","Jacob Rasmussen"
"430","112719","Sondre Tronstad"
"431","372333","Bilal Bayazit"
"432","404389","Enrico Duenas Hernández"
"433","23373","Hans Mulder"
"434","400278","Thierry Lutonda"
"435","146718","Tobias Pachonik"
"436","136164","Torino Hunte"
"437","362570","Simon Janssen"
"438","368172","Jens Craenmehr"
"439","255946","Dario Van den Buijs"
"440","329842","Thibaud Verlinden"
"441","342571","Samuel Moutoussamy"
"442","120304","Leroy George"
"443","104885","Janis Blaswich"
"444","296650","Ismail Azzaoui"
"445","367737","Ahmed Kutucu"
"446","403820","Juan Castillo"
"447","363735","Sam Schreck"
"448","364306","Daniël van Kaam"
"449","330549","Gabriel Gudmundsson"
"450","249686","Adrián Dalmau"
"451","93475","Ravel Morrison"
"452","141725","Ricardo Kishna"
"453","406755","Jonathan Mulder"
"454","72595","Nicolai Jørgensen"
"455","333781","Dylan Vente"
"456","382593","Marouan Azarkan"
"457","404394","Elias Oubella"
"458","395830","Kasper Lunding Jakobsen"
"459","406783","Stanislav Shopov"
"460","141328","Timo Baumgartl"
"461","400273","Maxime Delanghe"
"462","288873","Paul Gladon"
"463","298805","Michael Verrips"
"464","302883","Robbert de Vos"
"465","400053","Jean-Pierre Rhyner"
"466","106336","Kerim Frei"
"467","409129","Jari Vlak"
"468","409449","Didier La Torre"
"469","391050","Mees Bakker"
"470","363875","Kenzo Goudmijn"
"471","409747","Jelle Duin"
"472","400244","Benson Manuel"
"473","104906","Thomas Lam"
"474","120454","Virgil Misidjan"
"475","394981","Immanuel Pherai"
"476","404370","Rav van den Berg"
"477","408338","Daijiro Chirino"
"478","400279","David Min"
"479","137460","Erick Gutiérrez"
"480","85470","Marco van Ginkel"
"481","408059","Yorbe Vertessen"
"482","364014","Issah Abass"
"483","406780","Max Bruns"
"484","404764","Tibor Halilovic"
"485","56828","Ariel Harush"
"486","32196","Siem de Jong"
"487","321193","Rami Kaib"
"488","409160","Syb van Ottele"
"489","409126","Alois Dominik Oroz"
"490","409462","Noah Ohio"
"491","339499","Jaroslaw Jach"
"492","400060","Joshua Wehking"
"493","367257","Destan Bajselmani"
"494","405559","Michael Mulder"
"495","393117","Morad El Haddouti"
"496","379762","Justin Lonwijk"
"497","379601","Rick Zuijderwijk"
"498","405831","Maarten Schut"
"499","300755","Pantelis Chatzidiakos"
"500","404192","Tijs Velthuis"
"501","402068","Slobodan Tedic"
"502","369408","Sylian Mokono"
"503","391013","Joey Houweling"
"504","409052","Benaissa Benamar"
"505","290832","Alessio Da Cruz"
"506","391048","Kian Slor"
"507","14107","Ron Vlaar"
"508","383972","Sebbe Augustijns"
"509","300631","James Efmorfidis"
"510","32323","Daryl Janmaat"
"511","67063","Marko Vejinovic"
"512","400166","Mohammed Kudus"
"513","236544","Sébastien Haller"
"514","408042","Marijn Dijkstra"
"515","321391","Gregoire Amiot"
"516","409075","Jason Meerstadt"
"517","37360","Lucas Pratto"
"518","361879","Luis Sinisterra"
"519","124274","Sven van Beek"
"520","408489","Tein Troost"
"521","243516","Ante Coric"
"522","341715","Kristopher Da Graca"
"523","403644","Victor Jensen"
"524","379687","Thijs Dallinga"
"525","379598","Jarno Westerman"
"526","400008","Stefan Westra"
"527","349169","Justin Ogenia"
"528","123622","Xandro Schenk"
"529","408102","Peer Koopmeiners"
"530","379784","Mohamed Taabouni"
"531","389412","Brend Leeflang"
"532","408048","Aaron Menelik"
"533","379185","Martin Fraisl"
"534","401099","Tomislav Gomelt"
"535","19499","Gianni Zuiverloon"
"536","83442","Youness Mokhtar"
"537","403820","Juan Familia-Castillo"
"538","382238","Bobby Adekanye"
"539","345333","Armando Obispo"
"540","91123","Mike te Wierik"
"541","320941","Per Kristian Bråtveit"
"542","406537","Paulos Abraham"
"543","400244","Manuel Benson"
"544","391257","Mickael Tirpan"
"545","410249","Dimitrios Emmanouilidis"
"546","90802","Jordy Clasie"
"547","4173","Arjen Robben"
"548","303779","Maximiliano Romero"
"549","328269","Sam Lammers"
"550","117980","Bruma"
"551","400116","Aron Timmerman"
"552","377444","Mohamed Amissi"
"553","122972","Danny Bakker"
"554","400174","Evan Rottier"
"555","379710","Nando Nöstlinger"
"556","400280","Job Froeling"
"557","133309","Mohamed Rayhi"
"558","400164","Bradley Martis"
"559","400162","Lorenzo Fonseca"
"560","354283","Noa Lang"
"561","321910","Carel Eiting"
"562","379205","Sergiño Dest"
"563","22300","Lasse Schöne"
"564","256971","Hidde ter Avest"
"565","354599","Meritan Shabani"
"566","261267","Anastasios Donis"
"567","121784","Christos Donis"
"568","374625","Christian Conteh"
"569","384253","Achraf El Bouchataoui"
"570","410324","Ian Smeulers"
"571","362426","Arijanet Muric"
"572","409244","Jeredy Hilterman"
"573","297496","André Krul"
"574","371314","Elber Évora"
"575","408339","Ben Scholte"
"576","361444","Filip Møller Delaveris"
"577","403845","Jomar Gomes"
"578","382581","Fabian de Keijzer"
"579","403097","Fredrik Oppegard"
"580","404225","Shurandy Sambo"
"581","357396","Mohamed Mallahi"
"582","129241","Runar Espejord"
"583","401046","Timo Zaal"
"584","345544","Luka Adzic"
"585","303113","Abdenasser El Khayati"
"586","333365","Ajdin Hrustic"
"587","381719","Nicklas Strunck Jakobsen"
"588","299321","Oussama Idrissi"
"589","386209","Anthony Dekono"
"590","371314","Elber Evora"
"591","404488","Des Kunst"
"592","404489","Fedde de Jong"
"593","404490","Yusuf Barasi"
"594","404390","Nouri Cheung"
"595","409538","Jeremy Antonisse"
"596","409539","Mees Kreekels"
"597","402163","Harm Dieker"
"598","407300","Hugo Wentges"
"599","407311","Jan Quispel"
